existing_lion_name,existing_image_name,lion_orientation,distance_calculated,test_image_name,test_image_orientation
DVMC2,6S2A8819.jpg,right,0.8987331172398484,6S2A8718_TDYSAF1,right
DVMC2,6S2A8825.jpg,left,-9999.0,6S2A8718_TDYSAF1,right
DVMC2,6S2A8826.jpg,left,-9999.0,6S2A8718_TDYSAF1,right
DVMC3,6S2A8829.jpg,right,0.8947183577264567,6S2A8718_TDYSAF1,right
DVMC3,6S2A8831.jpg,left,-9999.0,6S2A8718_TDYSAF1,right
DVMC3,6S2A8833.jpg,right,0.9384550404924199,6S2A8718_TDYSAF1,right
DVMC3,6S2A8834.jpg,right,0.941669429156312,6S2A8718_TDYSAF1,right
DVMC3,6S2A8839.jpg,left,-9999.0,6S2A8718_TDYSAF1,right
DVMC3,6S2A8840.jpg,left,-9999.0,6S2A8718_TDYSAF1,right
DVSAF1,6S2A8794.jpg,front,-9999.0,6S2A8718_TDYSAF1,right
DVSAF1,6S2A8795.jpg,front,-9999.0,6S2A8718_TDYSAF1,right
DVSAF1,6S2A8796.jpg,right,0.910180593284016,6S2A8718_TDYSAF1,right
DVSAF1,6S2A8797.jpg,right,0.8851789453596526,6S2A8718_TDYSAF1,right
DVSAF1,6S2A8798.jpg,right,0.901213380385202,6S2A8718_TDYSAF1,right
DVSAF1,6S2A8799.jpg,right,0.9077031813130857,6S2A8718_TDYSAF1,right
DVSAF1,6S2A8800.jpg,front,-9999.0,6S2A8718_TDYSAF1,right
DVSAF1,6S2A8804.jpg,left,-9999.0,6S2A8718_TDYSAF1,right
JJPEG10,6S2A2867.jpg,right,0.8669993410536002,6S2A8718_TDYSAF1,right
JJPEG10,6S2A2868.jpg,right,0.8831775978711154,6S2A8718_TDYSAF1,right
JJPEG10,6S2A2869.jpg,right,0.9185129510022301,6S2A8718_TDYSAF1,right
JJPEG10,6S2A2870.jpg,right,0.9081784687322605,6S2A8718_TDYSAF1,right
JJPEG10,6S2A2872.jpg,right,0.8716674163007824,6S2A8718_TDYSAF1,right
JJPEG10,6S2A2873.jpg,right,0.9245479117704173,6S2A8718_TDYSAF1,right
JJPEG10,6S2A2874.jpg,left,-9999.0,6S2A8718_TDYSAF1,right
JJPEG10,6S2A2875.jpg,left,-9999.0,6S2A8718_TDYSAF1,right
JJPEG10,6S2A2876.jpg,left,-9999.0,6S2A8718_TDYSAF1,right
JJPEG10,6S2A2879.jpg,right,0.9038073110498593,6S2A8718_TDYSAF1,right
JJPEG10,6S2A2888.jpg,left,-9999.0,6S2A8718_TDYSAF1,right
JJPEG11,6S2A2893.jpg,front,-9999.0,6S2A8718_TDYSAF1,right
JJPEG11,6S2A2894.jpg,front,-9999.0,6S2A8718_TDYSAF1,right
JJPEG11,6S2A2895.jpg,front,-9999.0,6S2A8718_TDYSAF1,right
JJPEG11,6S2A2896.jpg,right,0.8574250660603964,6S2A8718_TDYSAF1,right
JJPEG11,6S2A2897.jpg,right,0.8781731166482983,6S2A8718_TDYSAF1,right
JJPEG11,6S2A2898.jpg,right,0.8420344314580875,6S2A8718_TDYSAF1,right
JJPEG11,6S2A2899.jpg,right,0.8486198852342586,6S2A8718_TDYSAF1,right
JJPEG11,6S2A2900.jpg,right,0.903652090932199,6S2A8718_TDYSAF1,right
JJPEG11,6S2A2901.jpg,right,0.8948026239828288,6S2A8718_TDYSAF1,right
JJPEG11,6S2A2902.jpg,front,-9999.0,6S2A8718_TDYSAF1,right
JJPEG11,6S2A2908.jpg,front,-9999.0,6S2A8718_TDYSAF1,right
JJPEG11,6S2A2910.jpg,left,-9999.0,6S2A8718_TDYSAF1,right
JJPEG11,6S2A2915.jpg,left,-9999.0,6S2A8718_TDYSAF1,right
JJPEG11,6S2A2916.jpg,left,-9999.0,6S2A8718_TDYSAF1,right
JJPEG11,6S2A2917.jpg,left,-9999.0,6S2A8718_TDYSAF1,right
JJPEG11,6S2A2918.jpg,left,-9999.0,6S2A8718_TDYSAF1,right
JJPEG12,6S2A2921.jpg,right,0.8260381101648342,6S2A8718_TDYSAF1,right
JJPEG12,6S2A2922.jpg,right,0.908203923814606,6S2A8718_TDYSAF1,right
JJPEG12,6S2A2927.jpg,left,-9999.0,6S2A8718_TDYSAF1,right
JJPEG13,6S2A2935.jpg,front,-9999.0,6S2A8718_TDYSAF1,right
JJPEG13,6S2A2936.jpg,front,-9999.0,6S2A8718_TDYSAF1,right
JJPEG13,6S2A2937.jpg,left,-9999.0,6S2A8718_TDYSAF1,right
JJPEG13,6S2A2938.jpg,left,-9999.0,6S2A8718_TDYSAF1,right
JJPEG13,6S2A2939.jpg,left,-9999.0,6S2A8718_TDYSAF1,right
JJPEG13,6S2A2940.jpg,left,-9999.0,6S2A8718_TDYSAF1,right
JJPEG13,6S2A2941.jpg,front,-9999.0,6S2A8718_TDYSAF1,right
JJPEG13,6S2A2942.jpg,front,-9999.0,6S2A8718_TDYSAF1,right
JJPEG13,6S2A2946.jpg,front,-9999.0,6S2A8718_TDYSAF1,right
JJPEG13,6S2A2949.jpg,front,-9999.0,6S2A8718_TDYSAF1,right
JJPEG13,6S2A2950.jpg,front,-9999.0,6S2A8718_TDYSAF1,right
JJPEG13,6S2A2951.jpg,front,-9999.0,6S2A8718_TDYSAF1,right
JJPEG14,6S2A2969.jpg,front,-9999.0,6S2A8718_TDYSAF1,right
JJPEG14,6S2A2970.jpg,front,-9999.0,6S2A8718_TDYSAF1,right
JJPEG14,6S2A2971.jpg,front,-9999.0,6S2A8718_TDYSAF1,right
JJPEG14,6S2A2972.jpg,left,-9999.0,6S2A8718_TDYSAF1,right
JJPEG14,6S2A2973.jpg,left,-9999.0,6S2A8718_TDYSAF1,right
JJPEG14,6S2A2974.jpg,left,-9999.0,6S2A8718_TDYSAF1,right
JJPEG14,6S2A2975.jpg,left,-9999.0,6S2A8718_TDYSAF1,right
JJPEG14,6S2A2976.jpg,right,0.883483642287161,6S2A8718_TDYSAF1,right
JJPEG14,6S2A2977.jpg,right,0.851219038455993,6S2A8718_TDYSAF1,right
JJPEG14,6S2A2981.jpg,right,0.8283877049038083,6S2A8718_TDYSAF1,right
JJPEG14,6S2A2982.jpg,right,0.8614023951364038,6S2A8718_TDYSAF1,right
JJPEG14,6S2A2983.jpg,left,-9999.0,6S2A8718_TDYSAF1,right
JJPEG14,6S2A2985.jpg,left,-9999.0,6S2A8718_TDYSAF1,right
JJPEG14,6S2A2986.jpg,left,-9999.0,6S2A8718_TDYSAF1,right
JJPEG14,6S2A2989.jpg,front,-9999.0,6S2A8718_TDYSAF1,right
JJPEG14,6S2A2990.jpg,front,-9999.0,6S2A8718_TDYSAF1,right
JJPEG14,6S2A2991.jpg,right,0.8951155111669448,6S2A8718_TDYSAF1,right
JJPEG14,6S2A2992.jpg,right,0.8759447021619633,6S2A8718_TDYSAF1,right
JJPEG14,6S2A2993.jpg,right,0.8856387153370169,6S2A8718_TDYSAF1,right
JJPEG14,6S2A2994.jpg,right,0.8744943673226526,6S2A8718_TDYSAF1,right
JJPEG15,6S2A2997.jpg,left,-9999.0,6S2A8718_TDYSAF1,right
JJPEG15,6S2A2998.jpg,left,-9999.0,6S2A8718_TDYSAF1,right
JJPEG15,6S2A2999.jpg,left,-9999.0,6S2A8718_TDYSAF1,right
JJPEG15,6S2A3000.jpg,left,-9999.0,6S2A8718_TDYSAF1,right
JJPEG15,6S2A3001.jpg,left,-9999.0,6S2A8718_TDYSAF1,right
JJPEG15,6S2A3002.jpg,front,-9999.0,6S2A8718_TDYSAF1,right
JJPEG15,6S2A3004.jpg,front,-9999.0,6S2A8718_TDYSAF1,right
JJPEG15,6S2A3005.jpg,front,-9999.0,6S2A8718_TDYSAF1,right
JJPEG15,6S2A3006.jpg,front,-9999.0,6S2A8718_TDYSAF1,right
JJPEG15,6S2A3008.jpg,front,-9999.0,6S2A8718_TDYSAF1,right
JJPEG15,6S2A3009.jpg,front,-9999.0,6S2A8718_TDYSAF1,right
JJPEG15,6S2A3010.jpg,front,-9999.0,6S2A8718_TDYSAF1,right
JJPEG15,6S2A3011.jpg,front,-9999.0,6S2A8718_TDYSAF1,right
JJPEG15,6S2A3013.jpg,front,-9999.0,6S2A8718_TDYSAF1,right
JJPEG15,6S2A3014.jpg,front,-9999.0,6S2A8718_TDYSAF1,right
JJPEG16,6S2A3017.jpg,front,-9999.0,6S2A8718_TDYSAF1,right
JJPEG16,6S2A3018.jpg,front,-9999.0,6S2A8718_TDYSAF1,right
JJPEG16,6S2A3021.jpg,left,-9999.0,6S2A8718_TDYSAF1,right
JJPEG16,6S2A3023.jpg,left,-9999.0,6S2A8718_TDYSAF1,right
JJPEG16,6S2A3025.jpg,front,-9999.0,6S2A8718_TDYSAF1,right
JJPEG16,6S2A3026.jpg,front,-9999.0,6S2A8718_TDYSAF1,right
JJPEG16,6S2A3027.jpg,front,-9999.0,6S2A8718_TDYSAF1,right
JJPEG16,6S2A3028.jpg,front,-9999.0,6S2A8718_TDYSAF1,right
JJPEG16,6S2A3029.jpg,front,-9999.0,6S2A8718_TDYSAF1,right
JJPEG16,6S2A3030.jpg,front,-9999.0,6S2A8718_TDYSAF1,right
JJPEG4,6S2A3400.jpg,right,0.9392232172934394,6S2A8718_TDYSAF1,right
JJPEG4,6S2A3401.jpg,right,0.951824817361147,6S2A8718_TDYSAF1,right
JJPEG4,6S2A3402.jpg,right,0.9187353676385135,6S2A8718_TDYSAF1,right
JJPEG4,6S2A3403.jpg,right,0.9223335043743879,6S2A8718_TDYSAF1,right
JJPEG4,6S2A3404.jpg,front,-9999.0,6S2A8718_TDYSAF1,right
JJPEG4,6S2A3405.jpg,front,-9999.0,6S2A8718_TDYSAF1,right
JJPEG4,6S2A3406.jpg,right,0.9085110969793017,6S2A8718_TDYSAF1,right
JJPEG4,6S2A3407.jpg,left,-9999.0,6S2A8718_TDYSAF1,right
JJPEG4,6S2A3408.jpg,left,-9999.0,6S2A8718_TDYSAF1,right
JJPEG4,6S2A3409.jpg,left,-9999.0,6S2A8718_TDYSAF1,right
JJPEG4,6S2A3410.jpg,left,-9999.0,6S2A8718_TDYSAF1,right
JJPEG4,6S2A3411.jpg,left,-9999.0,6S2A8718_TDYSAF1,right
JJPEG4,6S2A3412.jpg,left,-9999.0,6S2A8718_TDYSAF1,right
JJPEG4,6S2A3413.jpg,left,-9999.0,6S2A8718_TDYSAF1,right
JJPEG4,6S2A3414.jpg,left,-9999.0,6S2A8718_TDYSAF1,right
JJPEG4,6S2A3415.jpg,left,-9999.0,6S2A8718_TDYSAF1,right
JJPEG4,6S2A3416.jpg,left,-9999.0,6S2A8718_TDYSAF1,right
JJPEG4,6S2A3417.jpg,left,-9999.0,6S2A8718_TDYSAF1,right
JJPEG4,6S2A3418.jpg,left,-9999.0,6S2A8718_TDYSAF1,right
JJPEG4,6S2A3419.jpg,left,-9999.0,6S2A8718_TDYSAF1,right
JJPEG4,6S2A3420.jpg,left,-9999.0,6S2A8718_TDYSAF1,right
JJPEG4,6S2A3421.jpg,left,-9999.0,6S2A8718_TDYSAF1,right
JJPEG4,6S2A3422.jpg,left,-9999.0,6S2A8718_TDYSAF1,right
JJPEG4,6S2A3423.jpg,left,-9999.0,6S2A8718_TDYSAF1,right
JJPEG4,6S2A3424.jpg,front,-9999.0,6S2A8718_TDYSAF1,right
JJPEG4,6S2A3425.jpg,front,-9999.0,6S2A8718_TDYSAF1,right
JJPEG5,6S2A3430.jpg,right,0.7398004834564145,6S2A8718_TDYSAF1,right
JJPEG5,6S2A3434.jpg,left,-9999.0,6S2A8718_TDYSAF1,right
JJPEG5,6S2A3435.jpg,left,-9999.0,6S2A8718_TDYSAF1,right
JJPEG5,6S2A3436.jpg,left,-9999.0,6S2A8718_TDYSAF1,right
JJPEG5,6S2A3437.jpg,left,-9999.0,6S2A8718_TDYSAF1,right
JJPEG5,6S2A3438.jpg,left,-9999.0,6S2A8718_TDYSAF1,right
JJPEG5,6S2A3439.jpg,left,-9999.0,6S2A8718_TDYSAF1,right
JJPEG5,6S2A3441.jpg,front,-9999.0,6S2A8718_TDYSAF1,right
JJPEG5,6S2A3442.jpg,front,-9999.0,6S2A8718_TDYSAF1,right
JJPEG5,6S2A3443.jpg,front,-9999.0,6S2A8718_TDYSAF1,right
JJPEG5,6S2A3444.jpg,front,-9999.0,6S2A8718_TDYSAF1,right
JJPEG6,6S2A3449.jpg,left,-9999.0,6S2A8718_TDYSAF1,right
JJPEG6,6S2A3450.jpg,left,-9999.0,6S2A8718_TDYSAF1,right
JJPEG6,6S2A3451.jpg,right,0.8133848984963096,6S2A8718_TDYSAF1,right
JJPEG6,6S2A3452.jpg,right,0.9166353489616401,6S2A8718_TDYSAF1,right
JJPEG6,6S2A3453.jpg,left,-9999.0,6S2A8718_TDYSAF1,right
JJPEG6,6S2A3454.jpg,left,-9999.0,6S2A8718_TDYSAF1,right
JJPEG6,6S2A3455.jpg,left,-9999.0,6S2A8718_TDYSAF1,right
JJPEG6,6S2A3456.jpg,left,-9999.0,6S2A8718_TDYSAF1,right
JJPEG6,6S2A3457.jpg,left,-9999.0,6S2A8718_TDYSAF1,right
JJPEG6,6S2A3458.jpg,right,0.9586790231594731,6S2A8718_TDYSAF1,right
JJPEG6,6S2A3459.jpg,right,0.932540290613689,6S2A8718_TDYSAF1,right
JJPEG6,6S2A3460.jpg,right,0.9198007374966609,6S2A8718_TDYSAF1,right
JJPEG6,6S2A3461.jpg,right,0.9391861280639556,6S2A8718_TDYSAF1,right
JJPEG7,6S2A3464.jpg,right,0.8947868289076328,6S2A8718_TDYSAF1,right
JJPEG7,6S2A3466.jpg,front,-9999.0,6S2A8718_TDYSAF1,right
JJPEG7,6S2A3467.jpg,front,-9999.0,6S2A8718_TDYSAF1,right
JJPEG7,6S2A3470.jpg,left,-9999.0,6S2A8718_TDYSAF1,right
JJPEG7,6S2A3472.jpg,left,-9999.0,6S2A8718_TDYSAF1,right
JJPEG7,6S2A3473.jpg,left,-9999.0,6S2A8718_TDYSAF1,right
JJPEG7,6S2A3474.jpg,left,-9999.0,6S2A8718_TDYSAF1,right
JJPEG7,6S2A3476.jpg,left,-9999.0,6S2A8718_TDYSAF1,right
JJPEG7,6S2A3477.jpg,left,-9999.0,6S2A8718_TDYSAF1,right
JJPEG7,6S2A3478.jpg,left,-9999.0,6S2A8718_TDYSAF1,right
JJPEG7,6S2A3479.jpg,left,-9999.0,6S2A8718_TDYSAF1,right
JJPEG7,6S2A3480.jpg,left,-9999.0,6S2A8718_TDYSAF1,right
JJPEG8,6S2A3545.jpg,left,-9999.0,6S2A8718_TDYSAF1,right
JJPEG8,6S2A3546.jpg,front,-9999.0,6S2A8718_TDYSAF1,right
JJPEG8,6S2A3547.jpg,front,-9999.0,6S2A8718_TDYSAF1,right
JJPEG8,6S2A3548.jpg,front,-9999.0,6S2A8718_TDYSAF1,right
JJPEG8,6S2A3549.jpg,left,-9999.0,6S2A8718_TDYSAF1,right
JJPEG8,6S2A3550.jpg,front,-9999.0,6S2A8718_TDYSAF1,right
JJPEG8,6S2A3551.jpg,right,0.8918014655494251,6S2A8718_TDYSAF1,right
JJPEG8,6S2A3552.jpg,right,0.9108307960392957,6S2A8718_TDYSAF1,right
JJPEG8,6S2A3553.jpg,right,0.9120953418664356,6S2A8718_TDYSAF1,right
JJPEG8,6S2A3554.jpg,left,-9999.0,6S2A8718_TDYSAF1,right
JJPEG8,6S2A3555.jpg,front,-9999.0,6S2A8718_TDYSAF1,right
JJPEG8,6S2A3556.jpg,front,-9999.0,6S2A8718_TDYSAF1,right
JJPEG8,6S2A3557.jpg,right,0.8522284125986217,6S2A8718_TDYSAF1,right
JJPEG8,6S2A3558.jpg,right,0.8654883392197475,6S2A8718_TDYSAF1,right
JJPEG8,6S2A3559.jpg,right,0.8430688529435657,6S2A8718_TDYSAF1,right
JJPEG8,6S2A3560.jpg,right,0.8420203063851177,6S2A8718_TDYSAF1,right
JJPEG8,6S2A3561.jpg,left,-9999.0,6S2A8718_TDYSAF1,right
JJPEG8,6S2A3562.jpg,left,-9999.0,6S2A8718_TDYSAF1,right
JJPEG9,6S2A3564.jpg,front,-9999.0,6S2A8718_TDYSAF1,right
JJPEG9,6S2A3566.jpg,right,0.8291411810433797,6S2A8718_TDYSAF1,right
JJPEG9,6S2A3567.jpg,right,0.9340078991246744,6S2A8718_TDYSAF1,right
JJPEG9,6S2A3569.jpg,right,0.8608960807981737,6S2A8718_TDYSAF1,right
JJPEG9,6S2A3570.jpg,left,-9999.0,6S2A8718_TDYSAF1,right
JJPEG9,6S2A3571.jpg,left,-9999.0,6S2A8718_TDYSAF1,right
JJPEG9,6S2A3572.jpg,left,-9999.0,6S2A8718_TDYSAF1,right
JJPEG9,6S2A3573.jpg,left,-9999.0,6S2A8718_TDYSAF1,right
JJPEG9,6S2A3574.jpg,left,-9999.0,6S2A8718_TDYSAF1,right
JJPEG9,6S2A3575.jpg,left,-9999.0,6S2A8718_TDYSAF1,right
JPEG30,6S2A1665.jpg,front,-9999.0,6S2A8718_TDYSAF1,right
JPEG30,6S2A1666.jpg,front,-9999.0,6S2A8718_TDYSAF1,right
JPEG30,6S2A1668.jpg,right,0.8837005906428015,6S2A8718_TDYSAF1,right
JPEG30,6S2A1671.jpg,right,0.8890441242199794,6S2A8718_TDYSAF1,right
JPEG30,6S2A1672.jpg,right,0.9019164496217132,6S2A8718_TDYSAF1,right
JPEG30,6S2A1674.jpg,front,-9999.0,6S2A8718_TDYSAF1,right
JPEG30,6S2A1675.jpg,left,-9999.0,6S2A8718_TDYSAF1,right
JPEG30,6S2A1676.jpg,left,-9999.0,6S2A8718_TDYSAF1,right
JPEG30,6S2A1677.jpg,front,-9999.0,6S2A8718_TDYSAF1,right
JPEG30,6S2A1678.jpg,left,-9999.0,6S2A8718_TDYSAF1,right
JPEG31,6S2A1681.jpg,front,-9999.0,6S2A8718_TDYSAF1,right
JPEG31,6S2A1682.jpg,front,-9999.0,6S2A8718_TDYSAF1,right
JPEG31,6S2A1683.jpg,front,-9999.0,6S2A8718_TDYSAF1,right
JPEG31,6S2A1684.jpg,front,-9999.0,6S2A8718_TDYSAF1,right
JPEG31,6S2A1685.jpg,right,0.8895121527622327,6S2A8718_TDYSAF1,right
JPEG31,6S2A1686.jpg,right,0.8331453715703365,6S2A8718_TDYSAF1,right
JPEG31,6S2A1687.jpg,right,0.8505830619635559,6S2A8718_TDYSAF1,right
JPEG31,6S2A1688.jpg,right,0.8704162071849928,6S2A8718_TDYSAF1,right
JPEG31,6S2A1689.jpg,front,-9999.0,6S2A8718_TDYSAF1,right
JPEG31,6S2A1690.jpg,front,-9999.0,6S2A8718_TDYSAF1,right
JPEG31,6S2A1693.jpg,left,-9999.0,6S2A8718_TDYSAF1,right
JPEG31,6S2A1694.jpg,left,-9999.0,6S2A8718_TDYSAF1,right
JPEG31,6S2A1695.jpg,left,-9999.0,6S2A8718_TDYSAF1,right
JPEG31,6S2A1696.jpg,left,-9999.0,6S2A8718_TDYSAF1,right
JPEG31,6S2A1697.jpg,left,-9999.0,6S2A8718_TDYSAF1,right
JPEG31,6S2A1698.jpg,left,-9999.0,6S2A8718_TDYSAF1,right
JPEG32,6S2A1701.jpg,left,-9999.0,6S2A8718_TDYSAF1,right
JPEG32,6S2A1702.jpg,left,-9999.0,6S2A8718_TDYSAF1,right
JPEG32,6S2A1703.jpg,left,-9999.0,6S2A8718_TDYSAF1,right
JPEG32,6S2A1704.jpg,left,-9999.0,6S2A8718_TDYSAF1,right
JPEG32,6S2A1705.jpg,left,-9999.0,6S2A8718_TDYSAF1,right
JPEG32,6S2A1706.jpg,left,-9999.0,6S2A8718_TDYSAF1,right
JPEG32,6S2A1707.jpg,front,-9999.0,6S2A8718_TDYSAF1,right
JPEG32,6S2A1708.jpg,front,-9999.0,6S2A8718_TDYSAF1,right
JPEG32,6S2A1709.jpg,front,-9999.0,6S2A8718_TDYSAF1,right
JPEG32,6S2A1710.jpg,front,-9999.0,6S2A8718_TDYSAF1,right
JPEG32,6S2A1711.jpg,front,-9999.0,6S2A8718_TDYSAF1,right
JPEG32,6S2A1712.jpg,front,-9999.0,6S2A8718_TDYSAF1,right
JPEG32,6S2A1713.jpg,right,0.751352446860527,6S2A8718_TDYSAF1,right
JPEG32,6S2A1715.jpg,right,0.7933622872283058,6S2A8718_TDYSAF1,right
JPEG32,6S2A1716.jpg,right,0.7406826791355539,6S2A8718_TDYSAF1,right
JPEG32,6S2A1717.jpg,right,0.9207427792812377,6S2A8718_TDYSAF1,right
JPEG33,6S2A1718.jpg,right,0.7409776334705825,6S2A8718_TDYSAF1,right
JPEG33,6S2A1720.jpg,right,0.7482561428111691,6S2A8718_TDYSAF1,right
JPEG33,6S2A1721.jpg,right,0.7702918724319319,6S2A8718_TDYSAF1,right
JPEG33,6S2A1723.jpg,left,-9999.0,6S2A8718_TDYSAF1,right
JPEG33,6S2A1724.jpg,left,-9999.0,6S2A8718_TDYSAF1,right
JPEG33,6S2A1725.jpg,left,-9999.0,6S2A8718_TDYSAF1,right
JPEG33,6S2A1727.jpg,left,-9999.0,6S2A8718_TDYSAF1,right
JPEG33,6S2A1728.jpg,left,-9999.0,6S2A8718_TDYSAF1,right
JPEG33,6S2A1731.jpg,front,-9999.0,6S2A8718_TDYSAF1,right
JPEG33,6S2A1732.jpg,front,-9999.0,6S2A8718_TDYSAF1,right
JPEG33,6S2A1736.jpg,left,-9999.0,6S2A8718_TDYSAF1,right
JPEG33,6S2A1737.jpg,left,-9999.0,6S2A8718_TDYSAF1,right
JPEG34,6S2A1749.jpg,front,-9999.0,6S2A8718_TDYSAF1,right
JPEG34,6S2A1752.jpg,left,-9999.0,6S2A8718_TDYSAF1,right
JPEG34,6S2A1753.jpg,left,-9999.0,6S2A8718_TDYSAF1,right
JPEG34,6S2A1754.jpg,left,-9999.0,6S2A8718_TDYSAF1,right
JPEG34,6S2A1755.jpg,left,-9999.0,6S2A8718_TDYSAF1,right
JPEG34,6S2A1756.jpg,left,-9999.0,6S2A8718_TDYSAF1,right
JPEG34,6S2A1757.jpg,left,-9999.0,6S2A8718_TDYSAF1,right
JPEG34,6S2A1758.jpg,left,-9999.0,6S2A8718_TDYSAF1,right
JPEG34,6S2A1759.jpg,left,-9999.0,6S2A8718_TDYSAF1,right
JPEG34,6S2A1764.jpg,left,-9999.0,6S2A8718_TDYSAF1,right
JPEG34,6S2A1765.jpg,left,-9999.0,6S2A8718_TDYSAF1,right
JPEG34,6S2A1766.jpg,left,-9999.0,6S2A8718_TDYSAF1,right
JPEG34,6S2A1767.jpg,left,-9999.0,6S2A8718_TDYSAF1,right
JPEG34,6S2A1768.jpg,right,0.829372378471873,6S2A8718_TDYSAF1,right
JPEG34,6S2A1769.jpg,right,0.807908107744476,6S2A8718_TDYSAF1,right
JPEG34,6S2A1770.jpg,right,0.8292373339604917,6S2A8718_TDYSAF1,right
JPEG34,6S2A1771.jpg,right,0.7781734118385923,6S2A8718_TDYSAF1,right
JPEG34,6S2A1772.jpg,right,0.826584034263432,6S2A8718_TDYSAF1,right
JPEG34,6S2A1773.jpg,right,0.9071287984124313,6S2A8718_TDYSAF1,right
JPEG35,IMG_6578.jpg,right,0.8439599225040437,6S2A8718_TDYSAF1,right
JPEG35,IMG_6579.jpg,right,0.9405147277720158,6S2A8718_TDYSAF1,right
JPEG35,IMG_6580.jpg,right,0.8940589990679841,6S2A8718_TDYSAF1,right
JPEG35,IMG_6581.jpg,right,0.8992724749360765,6S2A8718_TDYSAF1,right
JPEG35,IMG_6582.jpg,front,-9999.0,6S2A8718_TDYSAF1,right
JPEG35,IMG_6584.jpg,left,-9999.0,6S2A8718_TDYSAF1,right
JPEG35,IMG_6585.jpg,front,-9999.0,6S2A8718_TDYSAF1,right
JPEG35,IMG_6587.jpg,left,-9999.0,6S2A8718_TDYSAF1,right
JPEG40,6S2A1778.jpg,left,-9999.0,6S2A8718_TDYSAF1,right
JPEG40,6S2A1779.jpg,left,-9999.0,6S2A8718_TDYSAF1,right
JPEG40,6S2A1780.jpg,front,-9999.0,6S2A8718_TDYSAF1,right
JPEG40,6S2A1786.jpg,left,-9999.0,6S2A8718_TDYSAF1,right
JPEG40,6S2A1787.jpg,left,-9999.0,6S2A8718_TDYSAF1,right
JPEG40,6S2A1788.jpg,front,-9999.0,6S2A8718_TDYSAF1,right
JPEG40,6S2A1789.jpg,front,-9999.0,6S2A8718_TDYSAF1,right
JPEG40,6S2A1790.jpg,front,-9999.0,6S2A8718_TDYSAF1,right
JPEG40,6S2A1791.jpg,front,-9999.0,6S2A8718_TDYSAF1,right
JPEG40,6S2A1797.jpg,front,-9999.0,6S2A8718_TDYSAF1,right
JPEG40,6S2A1799.jpg,front,-9999.0,6S2A8718_TDYSAF1,right
JPEG40,6S2A1801.jpg,right,0.8675704057204019,6S2A8718_TDYSAF1,right
JPEG40,6S2A1802.jpg,right,0.8645816265583921,6S2A8718_TDYSAF1,right
JPEG40,6S2A1803.jpg,right,0.8749688803235447,6S2A8718_TDYSAF1,right
JPEG40,6S2A1804.jpg,left,-9999.0,6S2A8718_TDYSAF1,right
JPEG40,6S2A1805.jpg,left,-9999.0,6S2A8718_TDYSAF1,right
JPEG41,6S2A1812.jpg,left,-9999.0,6S2A8718_TDYSAF1,right
JPEG41,6S2A1814.jpg,front,-9999.0,6S2A8718_TDYSAF1,right
JPEG41,6S2A1815.jpg,front,-9999.0,6S2A8718_TDYSAF1,right
JPEG41,6S2A1816.jpg,front,-9999.0,6S2A8718_TDYSAF1,right
JPEG41,6S2A1817.jpg,front,-9999.0,6S2A8718_TDYSAF1,right
JPEG41,6S2A1820.jpg,front,-9999.0,6S2A8718_TDYSAF1,right
JPEG41,6S2A1821.jpg,right,0.8627915998307927,6S2A8718_TDYSAF1,right
JPEG41,6S2A1822.jpg,right,0.8927333732077618,6S2A8718_TDYSAF1,right
JPEG41,6S2A1823.jpg,right,0.8961030493688833,6S2A8718_TDYSAF1,right
JPEG41,6S2A1824.jpg,right,0.8799463302344981,6S2A8718_TDYSAF1,right
JPEG41,6S2A1827.jpg,left,-9999.0,6S2A8718_TDYSAF1,right
JPEG41,6S2A1828.jpg,left,-9999.0,6S2A8718_TDYSAF1,right
JPEG41,6S2A1829.jpg,left,-9999.0,6S2A8718_TDYSAF1,right
JPEG42,6S2A1846.jpg,left,-9999.0,6S2A8718_TDYSAF1,right
JPEG42,6S2A1847.jpg,left,-9999.0,6S2A8718_TDYSAF1,right
JPEG42,6S2A1849.jpg,left,-9999.0,6S2A8718_TDYSAF1,right
JPEG42,6S2A1850.jpg,front,-9999.0,6S2A8718_TDYSAF1,right
JPEG42,6S2A1851.jpg,front,-9999.0,6S2A8718_TDYSAF1,right
JPEG42,6S2A1852.jpg,front,-9999.0,6S2A8718_TDYSAF1,right
JPEG42,6S2A1853.jpg,front,-9999.0,6S2A8718_TDYSAF1,right
JPEG42,6S2A1854.jpg,front,-9999.0,6S2A8718_TDYSAF1,right
JPEG42,6S2A1855.jpg,front,-9999.0,6S2A8718_TDYSAF1,right
JPEG42,6S2A1856.jpg,right,0.904697135335057,6S2A8718_TDYSAF1,right
JPEG42,6S2A1857.jpg,right,0.912726192911241,6S2A8718_TDYSAF1,right
JPEG42,6S2A1858.jpg,right,0.904949836773324,6S2A8718_TDYSAF1,right
JPEG42,6S2A1859.jpg,right,0.9139661633055771,6S2A8718_TDYSAF1,right
JPEG42,6S2A1860.jpg,right,0.89258274963845,6S2A8718_TDYSAF1,right
JPEG42,6S2A1861.jpg,right,0.913862255255914,6S2A8718_TDYSAF1,right
JPEG42,6S2A1862.jpg,right,0.8975459965195053,6S2A8718_TDYSAF1,right
JPEG42,6S2A1863.jpg,right,0.8987736851945415,6S2A8718_TDYSAF1,right
JPEG43,6S2A1887.jpg,left,-9999.0,6S2A8718_TDYSAF1,right
JPEG43,6S2A1888.jpg,left,-9999.0,6S2A8718_TDYSAF1,right
JPEG43,6S2A1889.jpg,left,-9999.0,6S2A8718_TDYSAF1,right
JPEG43,6S2A1890.jpg,right,0.9243228154536102,6S2A8718_TDYSAF1,right
JPEG43,6S2A1891.jpg,right,0.9146124948311845,6S2A8718_TDYSAF1,right
JPEG43,6S2A1892.jpg,right,0.9245887289741169,6S2A8718_TDYSAF1,right
JPEG43,6S2A1893.jpg,right,0.926270558710892,6S2A8718_TDYSAF1,right
JPEG43,6S2A1894.jpg,right,0.9130373731447265,6S2A8718_TDYSAF1,right
JPEG43,6S2A1895.jpg,right,0.9231669650648372,6S2A8718_TDYSAF1,right
JPEG43,6S2A1896.jpg,front,-9999.0,6S2A8718_TDYSAF1,right
JPEG43,6S2A1897.jpg,front,-9999.0,6S2A8718_TDYSAF1,right
JPEG43,6S2A1898.jpg,front,-9999.0,6S2A8718_TDYSAF1,right
JPEG43,6S2A1899.jpg,front,-9999.0,6S2A8718_TDYSAF1,right
JPEG50,6S2A2044.jpg,left,-9999.0,6S2A8718_TDYSAF1,right
JPEG50,6S2A2045.jpg,left,-9999.0,6S2A8718_TDYSAF1,right
JPEG50,6S2A2046.jpg,left,-9999.0,6S2A8718_TDYSAF1,right
JPEG50,6S2A2047.jpg,left,-9999.0,6S2A8718_TDYSAF1,right
JPEG50,6S2A2048.jpg,right,0.8895514888082481,6S2A8718_TDYSAF1,right
JPEG50,6S2A2049.jpg,right,0.9113624000165536,6S2A8718_TDYSAF1,right
JPEG50,6S2A2050.jpg,front,-9999.0,6S2A8718_TDYSAF1,right
JPEG50,6S2A2051.jpg,front,-9999.0,6S2A8718_TDYSAF1,right
JPEG51,6S2A1980.jpg,right,0.7815410375231615,6S2A8718_TDYSAF1,right
JPEG51,6S2A1981.jpg,right,0.748142248087904,6S2A8718_TDYSAF1,right
JPEG51,6S2A1989.jpg,left,-9999.0,6S2A8718_TDYSAF1,right
JPEG51,6S2A1991.jpg,left,-9999.0,6S2A8718_TDYSAF1,right
JPEG51,6S2A1992.jpg,left,-9999.0,6S2A8718_TDYSAF1,right
JPEG52,6S2A2023.jpg,front,-9999.0,6S2A8718_TDYSAF1,right
JPEG52,6S2A2024.jpg,front,-9999.0,6S2A8718_TDYSAF1,right
JPEG52,6S2A2029.jpg,left,-9999.0,6S2A8718_TDYSAF1,right
JPEG52,6S2A2030.jpg,left,-9999.0,6S2A8718_TDYSAF1,right
JPEG52,6S2A2034.jpg,right,0.8270583099934589,6S2A8718_TDYSAF1,right
JPEG54,6S2A2103.jpg,right,0.838141133162897,6S2A8718_TDYSAF1,right
JPEG54,6S2A2104.jpg,right,0.8371610277278942,6S2A8718_TDYSAF1,right
JPEG54,6S2A2105.jpg,right,0.8941451799951865,6S2A8718_TDYSAF1,right
JPEG54,6S2A2106.jpg,right,0.9167172030526672,6S2A8718_TDYSAF1,right
JPEG54,6S2A2107.jpg,right,0.8994637527858231,6S2A8718_TDYSAF1,right
JPEG54,6S2A2108.jpg,right,0.9080928472531196,6S2A8718_TDYSAF1,right
JPEG54,6S2A2109.jpg,right,0.9163487170390378,6S2A8718_TDYSAF1,right
JPEG54,6S2A2110.jpg,right,0.9129024045806784,6S2A8718_TDYSAF1,right
JPEG54,6S2A2111.jpg,right,0.912039681324694,6S2A8718_TDYSAF1,right
JPEG54,6S2A2112.jpg,right,0.9166604052589218,6S2A8718_TDYSAF1,right
JPEG54,6S2A2115.jpg,front,-9999.0,6S2A8718_TDYSAF1,right
JPEG54,6S2A2116.jpg,front,-9999.0,6S2A8718_TDYSAF1,right
JPEG54,6S2A2117.jpg,left,-9999.0,6S2A8718_TDYSAF1,right
JPEG54,6S2A2118.jpg,left,-9999.0,6S2A8718_TDYSAF1,right
JPEG54,6S2A2119.jpg,left,-9999.0,6S2A8718_TDYSAF1,right
JPEG54,6S2A2120.jpg,left,-9999.0,6S2A8718_TDYSAF1,right
JPEG54,6S2A2121.jpg,left,-9999.0,6S2A8718_TDYSAF1,right
JPEG54,6S2A2122.jpg,left,-9999.0,6S2A8718_TDYSAF1,right
JPEG54,6S2A2123.jpg,left,-9999.0,6S2A8718_TDYSAF1,right
JPEG55,6S2A2141.jpg,right,0.7768438580732057,6S2A8718_TDYSAF1,right
JPEG55,6S2A2150.jpg,left,-9999.0,6S2A8718_TDYSAF1,right
JPEG55,6S2A2151.jpg,left,-9999.0,6S2A8718_TDYSAF1,right
JPEG55,6S2A2152.jpg,left,-9999.0,6S2A8718_TDYSAF1,right
JPEG55,6S2A2155.jpg,right,0.7591971332683238,6S2A8718_TDYSAF1,right
RYDF1,6S2A8951.jpg,left,-9999.0,6S2A8718_TDYSAF1,right
RYDF1,6S2A8952.jpg,left,-9999.0,6S2A8718_TDYSAF1,right
RYDF1,6S2A8959.jpg,front,-9999.0,6S2A8718_TDYSAF1,right
RYDF1,6S2A8963.jpg,left,-9999.0,6S2A8718_TDYSAF1,right
RYDF1,6S2A8964.jpg,right,0.9231904719940164,6S2A8718_TDYSAF1,right
RYDF1,6S2A8965.jpg,right,0.9282904835961826,6S2A8718_TDYSAF1,right
SAMTSAM1,6S2A8754.jpg,front,-9999.0,6S2A8718_TDYSAF1,right
SAMTSAM1,6S2A8755.jpg,left,-9999.0,6S2A8718_TDYSAF1,right
SAMTSAM1,6S2A8756.jpg,left,-9999.0,6S2A8718_TDYSAF1,right
SAMTSAM1,6S2A8757.jpg,left,-9999.0,6S2A8718_TDYSAF1,right
SAMTSAM1,6S2A8759.jpg,right,0.9073331232852041,6S2A8718_TDYSAF1,right
SAMTSAM1,6S2A8760.jpg,right,0.8752287844647361,6S2A8718_TDYSAF1,right
SAMTSAM1,6S2A8762.jpg,front,-9999.0,6S2A8718_TDYSAF1,right
SAMTSAM1,6S2A8763.jpg,front,-9999.0,6S2A8718_TDYSAF1,right
SAMTSAM1,6S2A8764.jpg,front,-9999.0,6S2A8718_TDYSAF1,right
TDYF1,6S2A8698.jpg,left,-9999.0,6S2A8718_TDYSAF1,right
TDYF1,6S2A8699.jpg,left,-9999.0,6S2A8718_TDYSAF1,right
TDYF1,6S2A8700.jpg,left,-9999.0,6S2A8718_TDYSAF1,right
TDYF1,6S2A8701.jpg,left,-9999.0,6S2A8718_TDYSAF1,right
TDYF1,6S2A8702.jpg,right,0.8322419922656703,6S2A8718_TDYSAF1,right
TDYF1,6S2A8703.jpg,right,0.8636835213919192,6S2A8718_TDYSAF1,right
TDYF1,6S2A8704.jpg,right,0.854522389369585,6S2A8718_TDYSAF1,right
TDYF1,6S2A8705.jpg,right,0.8479745293638234,6S2A8718_TDYSAF1,right
TDYF1,6S2A8706.jpg,right,0.8651626948390166,6S2A8718_TDYSAF1,right
TDYF1,6S2A8707.jpg,front,-9999.0,6S2A8718_TDYSAF1,right
TDYF1,6S2A8708.jpg,front,-9999.0,6S2A8718_TDYSAF1,right
TDYF1,6S2A8710.jpg,front,-9999.0,6S2A8718_TDYSAF1,right
TDYSAF1,6S2A8714.jpg,right,0.9174517113727857,6S2A8718_TDYSAF1,right
TDYSAF1,6S2A8715.jpg,right,0.9099817664810651,6S2A8718_TDYSAF1,right
TDYSAF1,6S2A8716.jpg,right,0.8782582946136107,6S2A8718_TDYSAF1,right
TDYSAF1,6S2A8717.jpg,right,0.8979301101339375,6S2A8718_TDYSAF1,right
TDYSAF1,6S2A8719.jpg,right,0.8810283632502612,6S2A8718_TDYSAF1,right
TDYSAF1,6S2A8720.jpg,front,-9999.0,6S2A8718_TDYSAF1,right
TDYSAF1,6S2A8721.jpg,front,-9999.0,6S2A8718_TDYSAF1,right
TDYSAF1,6S2A8722.jpg,front,-9999.0,6S2A8718_TDYSAF1,right
TDYSAF1,6S2A8723.jpg,left,-9999.0,6S2A8718_TDYSAF1,right
TDYSAF1,6S2A8724.jpg,left,-9999.0,6S2A8718_TDYSAF1,right
TDYSAF1,6S2A8725.jpg,left,-9999.0,6S2A8718_TDYSAF1,right
TDYSAF1,6S2A8726.jpg,left,-9999.0,6S2A8718_TDYSAF1,right
TDYSAF1,6S2A8728.jpg,left,-9999.0,6S2A8718_TDYSAF1,right
TDYSAF1,6S2A8729.jpg,left,-9999.0,6S2A8718_TDYSAF1,right
TDYSAF1,6S2A8730.jpg,left,-9999.0,6S2A8718_TDYSAF1,right
TDYSAF1,6S2A8731.jpg,left,-9999.0,6S2A8718_TDYSAF1,right
TDYSAF1,6S2A8732.jpg,left,-9999.0,6S2A8718_TDYSAF1,right
